severity,avg_payout
Minor,25660.54172989378
Moderate,25350.004230885464
Severe,24963.0574204947
