status,avg_days
Approved,30.59734239802225
Pending,30.80758807588076
Rejected,30.80917804240488
